user_login,user_email,source_user_id,password
99,1@me.com,1,3
67,2@me.com,2,4
110,3@me.com,3,5
107,4@me.com,4,6
66,5@me.com,5,7
100,6@me.com,6,8
97,7@me.com,7,9
1697,8@me.com,8,10
118,9@me.com,9,11
101,10@me.com,10,12
94,11@me.com,11,14
435,12@me.com,12,15
284,13@me.com,13,16
180,14@me.com,14,17
103,15@me.com,15,18
116,16@me.com,16,19
111,17@me.com,17,20
106,18@me.com,18,21
98,19@me.com,19,22
9201,20@me.com,20,23
65,22@me.com,22,25
102,23@me.com,23,26
96,24@me.com,24,27
1871,25@me.com,25,28
9319,26@me.com,26,29
64,27@me.com,27,30
9278,28@me.com,28,31
185,29@me.com,29,32
1770,30@me.com,30,33
108,31@me.com,31,34
72,32@me.com,32,35
71,33@me.com,33,36
68,34@me.com,34,37
82,35@me.com,35,38
63,36@me.com,36,39
69,37@me.com,37,40
9267,38@me.com,38,41
9334,39@me.com,39,42
57,40@me.com,40,1
1719,41@me.com,41,2
325,42@me.com,42,3
1792,43@me.com,43,4
61,44@me.com,44,5
474,45@me.com,45,6
50,47@me.com,47,8
1312,48@me.com,48,9
120,49@me.com,49,10
11,50@me.com,50,11
1421,51@me.com,51,12
27,52@me.com,52,13
20,53@me.com,53,14
41,55@me.com,55,16
9,56@me.com,56,17
34,57@me.com,57,18
58,58@me.com,58,19
62,59@me.com,59,20
1243,60@me.com,60,21
9241,61@me.com,61,22
81,62@me.com,62,23
1547,63@me.com,63,24
9213,64@me.com,64,25
9169,65@me.com,65,26
9235,66@me.com,66,27
1638,67@me.com,67,28
1664,68@me.com,68,29
1854,69@me.com,69,30
18,70@me.com,70,31
9095,71@me.com,71,32
59,74@me.com,74,35
76,75@me.com,75,36
47,76@me.com,76,37
1,77@me.com,77,38
60,78@me.com,78,39
13,79@me.com,79,40
1392,80@me.com,80,41
39,81@me.com,81,42
6,83@me.com,83,44
464,84@me.com,84,45
115,85@me.com,85,46
9168,86@me.com,86,47
10,87@me.com,87,48
30,88@me.com,88,49
16,89@me.com,89,50
75,91@me.com,91,52
40,92@me.com,92,53
9321,93@me.com,93,54
1852,94@me.com,94,55
14,95@me.com,95,56
48,96@me.com,96,57
124,97@me.com,97,58
9192,98@me.com,98,59
23,99@me.com,99,60
9318,100@me.com,100,61
9288,101@me.com,101,62
1446,103@me.com,103,64
9330,104@me.com,104,65
55,105@me.com,105,66
248,106@me.com,106,1
194,107@me.com,107,33
193,108@me.com,108,3
239,109@me.com,109,4
454,110@me.com,110,5
545,111@me.com,111,6
119,112@me.com,112,7
9284,113@me.com,113,8
1630,115@me.com,115,10
1838,116@me.com,116,11
247,117@me.com,117,12
233,118@me.com,118,14
195,119@me.com,119,15
1494,120@me.com,120,16
242,121@me.com,121,17
257,122@me.com,122,18
9280,123@me.com,123,19
276,124@me.com,124,20
249,125@me.com,125,21
1740,126@me.com,126,22
1869,127@me.com,127,23
223,128@me.com,128,31
1723,129@me.com,129,25
1335,130@me.com,130,27
1553,131@me.com,131,28
245,133@me.com,133,30
272,134@me.com,134,9
269,135@me.com,135,10
263,136@me.com,136,20
267,137@me.com,137,21
232,139@me.com,139,1
207,140@me.com,140,2
204,141@me.com,141,3
320,142@me.com,142,4
9325,144@me.com,144,6
9195,145@me.com,145,7
179,146@me.com,146,8
250,147@me.com,147,9
9117,149@me.com,149,12
1030,150@me.com,150,14
246,151@me.com,151,15
189,152@me.com,152,16
202,153@me.com,153,17
256,154@me.com,154,18
235,157@me.com,157,21
1491,158@me.com,158,22
229,159@me.com,159,23
1148,160@me.com,160,24
236,161@me.com,161,25
9086,162@me.com,162,26
1772,163@me.com,163,27
1188,164@me.com,164,28
1311,165@me.com,165,29
206,166@me.com,166,30
161,167@me.com,167,31
283,169@me.com,169,34
157,170@me.com,170,35
190,171@me.com,171,36
203,172@me.com,172,37
1821,173@me.com,173,38
281,174@me.com,174,39
224,175@me.com,175,40
238,176@me.com,176,41
274,177@me.com,177,42
273,179@me.com,179,44
1856,180@me.com,180,45
260,181@me.com,181,9
268,182@me.com,182,10
275,183@me.com,183,20
9326,184@me.com,184,21
459,185@me.com,185,59
9274,186@me.com,186,2
9331,187@me.com,187,1
9188,189@me.com,189,5
533,190@me.com,190,7
288,191@me.com,191,6
406,192@me.com,192,3
353,193@me.com,193,9
349,194@me.com,194,10
915,195@me.com,195,11
408,196@me.com,196,12
1425,197@me.com,197,8
724,198@me.com,198,17
590,199@me.com,199,18
9127,200@me.com,200,19
425,201@me.com,201,20
336,202@me.com,202,21
338,203@me.com,203,22
413,205@me.com,205,24
511,206@me.com,206,25
1783,207@me.com,207,13
364,208@me.com,208,16
1870,209@me.com,209,14
363,210@me.com,210,15
453,211@me.com,211,1
452,212@me.com,212,3
1263,213@me.com,213,2
1447,214@me.com,214,4
1567,215@me.com,215,5
409,216@me.com,216,6
1185,218@me.com,218,8
632,219@me.com,219,10
9189,220@me.com,220,11
9186,221@me.com,221,12
701,222@me.com,222,12
1619,223@me.com,223,14
383,224@me.com,224,15
404,226@me.com,226,17
9182,227@me.com,227,18
410,228@me.com,228,19
360,229@me.com,229,20
1753,230@me.com,230,21
9230,231@me.com,231,22
9042,232@me.com,232,23
619,233@me.com,233,24
9130,234@me.com,234,25
401,235@me.com,235,26
1706,236@me.com,236,27
324,237@me.com,237,28
9111,238@me.com,238,29
335,239@me.com,239,30
394,240@me.com,240,31
376,241@me.com,241,1
637,242@me.com,242,2
292,243@me.com,243,3
340,244@me.com,244,4
386,245@me.com,245,5
9051,246@me.com,246,6
1747,248@me.com,248,9
371,249@me.com,249,10
291,250@me.com,250,11
306,252@me.com,252,13
387,253@me.com,253,14
636,254@me.com,254,17
702,255@me.com,255,18
407,256@me.com,256,19
1830,257@me.com,257,20
339,258@me.com,258,21
365,259@me.com,259,22
318,260@me.com,260,23
355,261@me.com,261,24
294,262@me.com,262,25
1836,263@me.com,263,27
357,264@me.com,264,8
354,265@me.com,265,15
412,266@me.com,266,16
953,267@me.com,267,26
9037,268@me.com,268,28
1791,269@me.com,269,30
9310,270@me.com,270,31
1316,271@me.com,271,32
427,272@me.com,272,33
366,273@me.com,273,34
1811,274@me.com,274,35
9232,275@me.com,275,36
1689,276@me.com,276,37
659,277@me.com,277,38
356,278@me.com,278,39
1865,279@me.com,279,40
429,281@me.com,281,42
1652,282@me.com,282,43
308,283@me.com,283,44
305,284@me.com,284,45
299,285@me.com,285,46
9170,286@me.com,286,47
1101,287@me.com,287,48
337,288@me.com,288,49
348,291@me.com,291,52
9265,292@me.com,292,53
384,293@me.com,293,54
287,294@me.com,294,55
9206,296@me.com,296,57
403,298@me.com,298,60
567,299@me.com,299,61
9292,300@me.com,300,62
362,301@me.com,301,63
289,302@me.com,302,64
309,303@me.com,303,65
314,304@me.com,304,67
1202,305@me.com,305,1
9078,306@me.com,306,2
720,307@me.com,307,3
9348,308@me.com,308,4
536,309@me.com,309,5
9207,310@me.com,310,6
480,311@me.com,311,7
9148,312@me.com,312,8
9133,313@me.com,313,9
1743,314@me.com,314,10
597,316@me.com,316,12
1535,317@me.com,317,13
433,318@me.com,318,14
391,320@me.com,320,16
1220,321@me.com,321,17
9276,322@me.com,322,18
1672,323@me.com,323,19
594,324@me.com,324,20
1806,325@me.com,325,22
296,326@me.com,326,23
398,327@me.com,327,24
385,328@me.com,328,25
650,329@me.com,329,26
9015,330@me.com,330,27
479,332@me.com,332,2
1829,333@me.com,333,3
400,334@me.com,334,4
559,335@me.com,335,5
1781,336@me.com,336,6
9210,337@me.com,337,7
1441,338@me.com,338,8
742,339@me.com,339,9
9296,340@me.com,340,10
9007,341@me.com,341,11
602,342@me.com,342,12
359,343@me.com,343,13
444,344@me.com,344,14
733,346@me.com,346,16
9270,347@me.com,347,17
468,348@me.com,348,18
361,349@me.com,349,19
382,350@me.com,350,20
330,351@me.com,351,21
1023,352@me.com,352,22
9024,353@me.com,353,23
9109,356@me.com,356,26
333,357@me.com,357,27
9135,358@me.com,358,28
1849,359@me.com,359,29
9308,360@me.com,360,30
370,361@me.com,361,31
442,362@me.com,362,32
9152,363@me.com,363,33
9122,364@me.com,364,34
418,365@me.com,365,35
488,366@me.com,366,36
571,367@me.com,367,37
600,368@me.com,368,38
9244,369@me.com,369,39
374,370@me.com,370,40
9050,371@me.com,371,41
843,372@me.com,372,42
9289,373@me.com,373,27
476,374@me.com,374,44
451,375@me.com,375,45
487,376@me.com,376,46
9091,377@me.com,377,47
9251,378@me.com,378,48
845,379@me.com,379,49
563,380@me.com,380,51
764,381@me.com,381,52
714,383@me.com,383,54
587,384@me.com,384,55
852,385@me.com,385,56
9219,386@me.com,386,3
758,387@me.com,387,1
963,388@me.com,388,2
828,390@me.com,390,3
1512,391@me.com,391,4
9053,392@me.com,392,5
495,393@me.com,393,6
347,394@me.com,394,7
1801,397@me.com,397,10
1097,398@me.com,398,11
1802,399@me.com,399,12
890,400@me.com,400,24
1756,401@me.com,401,35
352,403@me.com,403,59
1166,404@me.com,404,7
1271,405@me.com,405,6
1360,406@me.com,406,7
812,407@me.com,407,29
1611,408@me.com,408,20
1640,410@me.com,410,7
345,411@me.com,411,26
9065,413@me.com,413,66
9029,414@me.com,414,11
721,415@me.com,415,7
592,416@me.com,416,148
557,417@me.com,417,44
558,418@me.com,418,54
1785,419@me.com,419,57
584,420@me.com,420,63
9253,421@me.com,421,23
1603,422@me.com,422,73
420,423@me.com,423,4
652,424@me.com,424,12
1808,425@me.com,425,26
568,426@me.com,426,14
1749,427@me.com,427,43
467,428@me.com,428,47
9268,429@me.com,429,41
589,430@me.com,430,8
1631,431@me.com,431,53
607,432@me.com,432,67
656,433@me.com,433,1
9261,434@me.com,434,2
440,436@me.com,436,4
510,437@me.com,437,5
580,438@me.com,438,6
9286,439@me.com,439,8
9236,440@me.com,440,9
506,442@me.com,442,11
9163,443@me.com,443,12
1618,444@me.com,444,13
514,445@me.com,445,14
1488,446@me.com,446,15
628,447@me.com,447,16
722,448@me.com,448,17
622,449@me.com,449,18
486,450@me.com,450,19
940,451@me.com,451,21
9032,453@me.com,453,23
9216,454@me.com,454,24
9044,455@me.com,455,25
9338,456@me.com,456,26
1696,457@me.com,457,27
552,459@me.com,459,30
1741,460@me.com,460,31
660,461@me.com,461,32
942,462@me.com,462,33
956,463@me.com,463,34
731,464@me.com,464,35
565,465@me.com,465,36
739,466@me.com,466,37
749,467@me.com,467,39
513,468@me.com,468,40
9257,469@me.com,469,41
1408,470@me.com,470,42
929,471@me.com,471,43
741,472@me.com,472,46
1693,473@me.com,473,48
9105,474@me.com,474,49
9178,475@me.com,475,50
9145,477@me.com,477,52
1833,478@me.com,478,53
668,479@me.com,479,55
457,480@me.com,480,56
531,481@me.com,481,58
840,483@me.com,483,60
9293,485@me.com,485,62
9068,486@me.com,486,64
9252,487@me.com,487,65
456,488@me.com,488,66
661,490@me.com,490,68
880,491@me.com,491,69
535,492@me.com,492,70
700,495@me.com,495,74
532,496@me.com,496,75
876,497@me.com,497,1
537,499@me.com,499,3
734,502@me.com,502,9
1694,503@me.com,503,10
1774,504@me.com,504,11
9220,505@me.com,505,13
534,506@me.com,506,15
1818,507@me.com,507,16
730,508@me.com,508,17
581,509@me.com,509,18
1497,510@me.com,510,19
708,511@me.com,511,20
863,512@me.com,512,21
713,513@me.com,513,22
575,514@me.com,514,23
9281,515@me.com,515,25
9306,516@me.com,516,27
1126,517@me.com,517,28
9209,518@me.com,518,29
780,520@me.com,520,31
1819,521@me.com,521,32
543,522@me.com,522,33
484,523@me.com,523,34
667,524@me.com,524,35
509,525@me.com,525,36
609,526@me.com,526,37
586,527@me.com,527,38
9317,528@me.com,528,39
614,529@me.com,529,40
727,530@me.com,530,42
1286,531@me.com,531,44
83,532@me.com,532,45
582,533@me.com,533,46
615,534@me.com,534,48
613,535@me.com,535,49
591,536@me.com,536,51
9272,537@me.com,537,52
9093,538@me.com,538,54
397,539@me.com,539,55
508,540@me.com,540,56
9208,541@me.com,541,57
541,542@me.com,542,58
835,543@me.com,543,59
555,545@me.com,545,61
844,546@me.com,546,62
492,548@me.com,548,64
9084,549@me.com,549,65
9034,550@me.com,550,66
1745,551@me.com,551,68
554,552@me.com,552,69
1580,553@me.com,553,70
821,554@me.com,554,1
9301,555@me.com,555,2
1814,556@me.com,556,3
9179,557@me.com,557,4
9234,559@me.com,559,6
9165,560@me.com,560,7
726,561@me.com,561,8
943,562@me.com,562,9
729,563@me.com,563,10
1748,564@me.com,564,11
955,565@me.com,565,12
916,566@me.com,566,13
836,567@me.com,567,14
1810,568@me.com,568,15
705,569@me.com,569,16
526,570@me.com,570,17
9194,571@me.com,571,18
665,572@me.com,572,19
9332,574@me.com,574,21
872,575@me.com,575,22
578,576@me.com,576,23
350,577@me.com,577,24
1688,578@me.com,578,26
666,579@me.com,579,28
588,582@me.com,582,31
1536,583@me.com,583,32
504,584@me.com,584,33
538,586@me.com,586,36
539,587@me.com,587,37
1750,588@me.com,588,40
9283,589@me.com,589,39
9223,590@me.com,590,6
738,591@me.com,591,55
894,592@me.com,592,1
1473,593@me.com,593,2
1418,594@me.com,594,3
9001,595@me.com,595,4
9116,596@me.com,596,5
868,597@me.com,597,6
9294,598@me.com,598,7
1068,599@me.com,599,8
1737,600@me.com,600,9
785,601@me.com,601,10
9096,602@me.com,602,11
9112,603@me.com,603,13
1698,606@me.com,606,16
950,607@me.com,607,17
9146,608@me.com,608,18
1093,609@me.com,609,19
930,610@me.com,610,20
904,612@me.com,612,22
1115,613@me.com,613,23
1291,614@me.com,614,24
1092,615@me.com,615,25
860,616@me.com,616,26
1296,617@me.com,617,27
9222,618@me.com,618,28
831,619@me.com,619,29
9092,620@me.com,620,30
800,621@me.com,621,31
754,622@me.com,622,32
773,623@me.com,623,33
1293,624@me.com,624,34
1864,625@me.com,625,35
1235,627@me.com,627,37
1225,628@me.com,628,38
1305,629@me.com,629,39
1582,630@me.com,630,40
987,631@me.com,631,41
818,632@me.com,632,42
1195,633@me.com,633,43
765,635@me.com,635,45
1111,636@me.com,636,46
770,637@me.com,637,47
1167,638@me.com,638,48
1765,639@me.com,639,49
1074,640@me.com,640,50
1121,642@me.com,642,52
1003,643@me.com,643,53
1130,644@me.com,644,54
1131,645@me.com,645,55
9087,646@me.com,646,56
1601,647@me.com,647,57
1254,648@me.com,648,58
1393,649@me.com,649,59
1358,651@me.com,651,61
1192,652@me.com,652,62
9177,653@me.com,653,63
1129,654@me.com,654,64
9048,655@me.com,655,65
1184,656@me.com,656,66
1816,657@me.com,657,67
743,660@me.com,660,70
9184,661@me.com,661,71
9020,662@me.com,662,72
9012,663@me.com,663,73
1503,664@me.com,664,74
1106,665@me.com,665,75
1218,666@me.com,666,76
1338,667@me.com,667,77
1105,668@me.com,668,78
1867,669@me.com,669,79
1552,672@me.com,672,82
760,673@me.com,673,83
775,675@me.com,675,86
9113,676@me.com,676,87
9341,677@me.com,677,88
1800,678@me.com,678,89
625,679@me.com,679,91
1151,680@me.com,680,92
1011,681@me.com,681,93
9250,682@me.com,682,94
761,683@me.com,683,95
9104,684@me.com,684,96
1086,685@me.com,685,97
1246,686@me.com,686,98
9054,687@me.com,687,99
1299,688@me.com,688,100
1394,690@me.com,690,102
1834,691@me.com,691,103
1193,692@me.com,692,104
1124,693@me.com,693,105
1571,694@me.com,694,106
1632,695@me.com,695,107
1039,696@me.com,696,108
9057,697@me.com,697,109
1298,698@me.com,698,110
1136,700@me.com,700,112
9180,701@me.com,701,113
9323,702@me.com,702,114
1356,703@me.com,703,115
9205,704@me.com,704,117
905,705@me.com,705,118
9136,706@me.com,706,119
1722,707@me.com,707,120
1242,708@me.com,708,121
1009,709@me.com,709,122
875,710@me.com,710,123
1807,711@me.com,711,124
986,713@me.com,713,126
882,714@me.com,714,127
1113,715@me.com,715,128
9314,716@me.com,716,129
822,717@me.com,717,130
1214,718@me.com,718,131
1742,719@me.com,719,132
1244,720@me.com,720,133
1037,721@me.com,721,134
1259,722@me.com,722,135
983,723@me.com,723,136
9245,724@me.com,724,137
9271,725@me.com,725,138
827,726@me.com,726,139
1874,727@me.com,727,140
1813,728@me.com,728,141
9063,729@me.com,729,142
759,730@me.com,730,143
907,732@me.com,732,145
1287,733@me.com,733,146
80,735@me.com,735,148
1210,736@me.com,736,149
1757,737@me.com,737,150
9137,738@me.com,738,151
945,739@me.com,739,152
1134,740@me.com,740,153
1859,741@me.com,741,154
9144,742@me.com,742,155
1107,743@me.com,743,156
9304,746@me.com,746,159
768,748@me.com,748,161
1633,749@me.com,749,162
791,750@me.com,750,163
9126,751@me.com,751,164
1487,753@me.com,753,166
1122,755@me.com,755,168
1837,757@me.com,757,1
1661,758@me.com,758,2
9322,759@me.com,759,3
9303,760@me.com,760,4
1276,761@me.com,761,5
9031,762@me.com,762,6
9049,763@me.com,763,7
1081,764@me.com,764,8
1257,765@me.com,765,9
1724,767@me.com,767,11
1027,768@me.com,768,12
1275,769@me.com,769,13
1033,770@me.com,770,14
1474,771@me.com,771,15
9097,773@me.com,773,17
9167,774@me.com,774,18
9025,775@me.com,775,19
9324,776@me.com,776,33
1823,777@me.com,777,1
1777,778@me.com,778,2
998,779@me.com,779,3
9337,780@me.com,780,4
1744,781@me.com,781,5
1477,782@me.com,782,6
1766,783@me.com,783,7
9045,784@me.com,784,8
938,785@me.com,785,9
9339,786@me.com,786,10
9115,787@me.com,787,11
993,788@me.com,788,12
9312,789@me.com,789,13
1735,790@me.com,790,14
1241,791@me.com,791,15
9052,792@me.com,792,16
1084,793@me.com,793,17
1572,794@me.com,794,18
1671,797@me.com,797,21
1036,798@me.com,798,22
1337,799@me.com,799,23
9215,800@me.com,800,24
9200,802@me.com,802,26
1351,803@me.com,803,27
1554,804@me.com,804,28
1521,805@me.com,805,29
1265,806@me.com,806,31
1173,807@me.com,807,33
1240,808@me.com,808,34
1083,809@me.com,809,35
1156,810@me.com,810,36
1182,811@me.com,811,37
1359,812@me.com,812,38
9313,813@me.com,813,39
9139,814@me.com,814,40
1053,815@me.com,815,41
1701,816@me.com,816,42
1395,817@me.com,817,43
1267,818@me.com,818,44
1682,819@me.com,819,45
991,820@me.com,820,47
1484,821@me.com,821,48
1645,822@me.com,822,49
996,823@me.com,823,50
9190,824@me.com,824,51
1647,825@me.com,825,52
1016,826@me.com,826,53
1308,827@me.com,827,54
1089,828@me.com,828,55
9103,829@me.com,829,56
9285,830@me.com,830,57
9055,831@me.com,831,58
1809,832@me.com,832,59
1309,833@me.com,833,60
1133,835@me.com,835,62
1669,836@me.com,836,63
9150,837@me.com,837,64
1686,838@me.com,838,65
9229,839@me.com,839,66
1278,840@me.com,840,67
1365,841@me.com,841,68
1417,842@me.com,842,69
1853,843@me.com,843,70
9254,844@me.com,844,71
1007,846@me.com,846,73
1280,847@me.com,847,74
1733,848@me.com,848,75
1416,849@me.com,849,76
1366,850@me.com,850,77
1445,851@me.com,851,78
9193,852@me.com,852,79
1426,853@me.com,853,80
9320,854@me.com,854,81
1191,855@me.com,855,82
9070,856@me.com,856,83
9311,857@me.com,857,84
1216,858@me.com,858,85
1420,859@me.com,859,87
896,860@me.com,860,88
1310,861@me.com,861,89
9151,862@me.com,862,90
1206,863@me.com,863,91
819,864@me.com,864,92
1049,867@me.com,867,95
1044,868@me.com,868,96
1234,869@me.com,869,97
1467,870@me.com,870,98
9255,872@me.com,872,100
1469,873@me.com,873,101
9101,875@me.com,875,103
1006,876@me.com,876,104
1775,877@me.com,877,105
1399,879@me.com,879,107
1249,880@me.com,880,108
9134,881@me.com,881,109
9138,882@me.com,882,110
9017,883@me.com,883,111
748,884@me.com,884,112
1371,885@me.com,885,113
1579,886@me.com,886,114
1558,887@me.com,887,115
1424,888@me.com,888,116
1108,889@me.com,889,117
1406,891@me.com,891,119
9009,892@me.com,892,120
9273,894@me.com,894,122
1531,896@me.com,896,124
1001,897@me.com,897,125
9240,898@me.com,898,126
9266,900@me.com,900,128
9010,901@me.com,901,129
1340,902@me.com,902,130
923,903@me.com,903,131
1066,904@me.com,904,132
1041,905@me.com,905,133
1380,906@me.com,906,134
9238,908@me.com,908,136
1349,909@me.com,909,137
1236,910@me.com,910,138
1691,911@me.com,911,139
9262,912@me.com,912,140
879,913@me.com,913,141
1170,914@me.com,914,143
1557,915@me.com,915,144
9175,916@me.com,916,151
1568,917@me.com,917,145
9243,918@me.com,918,150
9174,919@me.com,919,151
9176,921@me.com,921,153
1204,922@me.com,922,154
1779,923@me.com,923,155
1095,924@me.com,924,156
1237,926@me.com,926,158
9185,927@me.com,927,159
1348,928@me.com,928,161
1307,929@me.com,929,162
1555,930@me.com,930,163
9141,931@me.com,931,164
1526,932@me.com,932,1
9329,933@me.com,933,2
862,934@me.com,934,3
1317,935@me.com,935,4
1472,936@me.com,936,6
1435,937@me.com,937,7
491,938@me.com,938,8
9249,939@me.com,939,9
1448,940@me.com,940,10
9089,941@me.com,941,11
1518,943@me.com,943,14
9328,944@me.com,944,15
9302,945@me.com,945,16
1419,946@me.com,946,17
1336,947@me.com,947,18
1624,948@me.com,948,19
1331,949@me.com,949,20
1767,951@me.com,951,23
1533,952@me.com,952,24
1511,953@me.com,953,25
9118,954@me.com,954,26
1648,955@me.com,955,12
9019,956@me.com,956,31
1755,959@me.com,959,2
1385,961@me.com,961,5
1422,962@me.com,962,6
1666,963@me.com,963,7
9218,964@me.com,964,8
9154,965@me.com,965,9
1850,966@me.com,966,10
1379,967@me.com,967,11
1586,968@me.com,968,12
1551,969@me.com,969,13
9064,970@me.com,970,14
1616,971@me.com,971,15
1643,972@me.com,972,16
1577,973@me.com,973,17
1479,974@me.com,974,18
1387,975@me.com,975,19
9247,976@me.com,976,20
1539,977@me.com,977,21
9277,978@me.com,978,22
1544,981@me.com,981,26
9300,982@me.com,982,27
9196,983@me.com,983,28
1575,984@me.com,984,29
1644,985@me.com,985,30
1592,987@me.com,987,32
1369,988@me.com,988,33
1455,989@me.com,989,34
9156,990@me.com,990,36
1541,991@me.com,991,37
1707,992@me.com,992,38
1782,993@me.com,993,1
1556,994@me.com,994,2
9124,995@me.com,995,3
9159,996@me.com,996,4
1439,997@me.com,997,5
1322,1000@me.com,1000,8
1162,1001@me.com,1001,9
1584,1002@me.com,1002,10
1431,1003@me.com,1003,11
9066,1004@me.com,1004,12
9014,1005@me.com,1005,13
1496,1007@me.com,1007,15
1530,1009@me.com,1009,17
1564,1010@me.com,1010,18
1375,1011@me.com,1011,19
1450,1012@me.com,1012,20
9131,1013@me.com,1013,21
1376,1014@me.com,1014,22
1573,1015@me.com,1015,23
9120,1016@me.com,1016,24
1563,1018@me.com,1018,26
1493,1019@me.com,1019,27
1489,1020@me.com,1020,28
9233,1021@me.com,1021,29
1464,1022@me.com,1022,30
9162,1023@me.com,1023,31
1790,1024@me.com,1024,32
1720,1025@me.com,1025,85
9242,1026@me.com,1026,6
1245,1027@me.com,1027,31
1826,1028@me.com,1028,25
9316,1029@me.com,1029,3
1334,1030@me.com,1030,84
9197,1031@me.com,1031,49
1695,1032@me.com,1032,1
9043,1033@me.com,1033,43
1738,1034@me.com,1034,44
1606,1035@me.com,1035,1
9121,1037@me.com,1037,3
1622,1038@me.com,1038,4
1598,1039@me.com,1039,5
9343,1040@me.com,1040,7
1658,1041@me.com,1041,8
1725,1042@me.com,1042,10
9004,1043@me.com,1043,12
9335,1044@me.com,1044,13
9264,1045@me.com,1045,14
1683,1046@me.com,1046,16
9256,1047@me.com,1047,17
9107,1048@me.com,1048,19
1726,1049@me.com,1049,20
1178,1050@me.com,1050,21
1663,1051@me.com,1051,22
1709,1052@me.com,1052,23
1670,1053@me.com,1053,25
9217,1054@me.com,1054,27
9119,1055@me.com,1055,28
9340,1057@me.com,1057,31
9102,1058@me.com,1058,32
9248,1059@me.com,1059,33
1608,1060@me.com,1060,34
1637,1061@me.com,1061,35
1667,1062@me.com,1062,36
703,1064@me.com,1064,12
1732,1065@me.com,1065,92
1155,1066@me.com,1066,52
1746,1067@me.com,1067,66
1687,1068@me.com,1068,18
1702,1069@me.com,1069,19
1423,1071@me.com,1071,6
1318,1072@me.com,1072,18
1812,1073@me.com,1073,80
1817,1074@me.com,1074,1
9290,1075@me.com,1075,17
1843,1076@me.com,1076,91
9344,1077@me.com,1077,26
1515,1078@me.com,1078,74
9076,1079@me.com,1079,71
1845,1080@me.com,1080,51
1860,1081@me.com,1081,93
9346,1082@me.com,1082,41
9352,1083@me.com,1083,22
9349,1084@me.com,1084,30
9347,1085@me.com,1085,26
79,1086@me.com,1086,45
99999,1087@me.com,1087,0
1332,1088@me.com,1088,128
85,1089@me.com,1089,7
86,1090@me.com,1090,13
87,1091@me.com,1091,35
172,1093@me.com,1093,21
177,1094@me.com,1094,48
181,1095@me.com,1095,35
182,1096@me.com,1096,37
183,1097@me.com,1097,38
186,1098@me.com,1098,26
317,1101@me.com,1101,31
380,1102@me.com,1102,16
458,1103@me.com,1103,49
546,1105@me.com,1105,6
629,1106@me.com,1106,21
663,1108@me.com,1108,23
719,1110@me.com,1110,27
728,1111@me.com,1111,20
746,1112@me.com,1112,3
838,1113@me.com,1113,35
870,1114@me.com,1114,55
952,1115@me.com,1115,80
959,1116@me.com,1116,55
977,1117@me.com,1117,24
1054,1120@me.com,1120,48
1690,1121@me.com,1121,29
1100,1122@me.com,1122,68
1150,1123@me.com,1123,17
1164,1124@me.com,1124,116
1176,1125@me.com,1125,23
1251,1128@me.com,1128,37
1261,1129@me.com,1129,15
1269,1130@me.com,1130,37
1285,1131@me.com,1131,28
1303,1133@me.com,1133,58
1306,1134@me.com,1134,47
1344,1135@me.com,1135,108
1390,1136@me.com,1136,126
1403,1137@me.com,1137,19
1492,1138@me.com,1138,82
1600,1139@me.com,1139,3
1713,1140@me.com,1140,81
1855,1141@me.com,1141,3
1868,1142@me.com,1142,136
1873,1143@me.com,1143,31
9350,1144@me.com,1144,21
9353,1146@me.com,1146,50
1247,1147@me.com,1147,149
9354,1148@me.com,1148,74
851,1149@me.com,1149,85
891,1150@me.com,1150,15
9110,1151@me.com,1151,172
1729,1152@me.com,1152,170
1523,1153@me.com,1153,169
1677,1154@me.com,1154,168
1717,1155@me.com,1155,168
1612,1156@me.com,1156,167
1415,1157@me.com,1157,166
9155,1158@me.com,1158,165
1506,1159@me.com,1159,170
1449,1160@me.com,1160,171
9072,1161@me.com,1161,178
1875,1162@me.com,1162,2
9099,1165@me.com,1165,5
9307,1166@me.com,1166,4
9309,1167@me.com,1167,10
9005,1169@me.com,1169,8
9336,1170@me.com,1170,11
9125,1173@me.com,1173,17
9279,1174@me.com,1174,19
9074,1176@me.com,1176,14
9003,1179@me.com,1179,20
9202,1183@me.com,1183,25
9069,1185@me.com,1185,173
9008,1186@me.com,1186,27
1626,1187@me.com,1187,28
9147,1189@me.com,1189,60
9067,1190@me.com,1190,64
9315,1192@me.com,1192,70
1825,1193@me.com,1193,65
493,1194@me.com,1194,67
1788,1195@me.com,1195,66
1201,1196@me.com,1196,68
9098,1197@me.com,1197,69
9172,1198@me.com,1198,71
989,1200@me.com,1200,73
1035,1201@me.com,1201,77
1031,1202@me.com,1202,74
9071,1203@me.com,1203,76
9085,1204@me.com,1204,78
966,1205@me.com,1205,5
9356,1206@me.com,1206,38
2098,1207@me.com,1207,69
960,1208@me.com,1208,2
9358,1209@me.com,1209,2
9359,1210@me.com,1210,2
1277,1211@me.com,1211,43
1546,1212@me.com,1212,4
1653,1213@me.com,1213,1
1527,1214@me.com,1214,3
9360,1215@me.com,1215,6
9361,1216@me.com,1216,12
9362,1217@me.com,1217,10
9363,1218@me.com,1218,20
9364,1219@me.com,1219,25
9365,1220@me.com,1220,22
9367,1221@me.com,1221,48
9366,1222@me.com,1222,33
9368,1223@me.com,1223,39
9369,1224@me.com,1224,5
9370,1225@me.com,1225,8
9371,1226@me.com,1226,11
9372,1227@me.com,1227,14
9373,1228@me.com,1228,15
9374,1229@me.com,1229,19
9375,1230@me.com,1230,18
9378,1233@me.com,1233,27
9380,1235@me.com,1235,36
9381,1236@me.com,1236,42
9382,1237@me.com,1237,50
9383,1238@me.com,1238,49
9384,1239@me.com,1239,56
9385,1240@me.com,1240,58
9386,1241@me.com,1241,65
9387,1242@me.com,1242,62
9388,1243@me.com,1243,61
9389,1244@me.com,1244,25
9390,1245@me.com,1245,51
9297,1246@me.com,1246,7
9391,1247@me.com,1247,3
9392,1248@me.com,1248,8
9393,1249@me.com,1249,11
9395,1251@me.com,1251,20
9397,1253@me.com,1253,25
9398,1254@me.com,1254,1
9399,1255@me.com,1255,7
9401,1257@me.com,1257,25
9402,1258@me.com,1258,31
9403,1259@me.com,1259,26
9404,1260@me.com,1260,35
9405,1261@me.com,1261,84
9406,1840@me.com,1840,40
9407,1841@me.com,1841,41
9409,1843@me.com,1843,44
9410,1844@me.com,1844,13
9411,1845@me.com,1845,16
9412,1846@me.com,1846,23
9413,1847@me.com,1847,1
9414,1848@me.com,1848,12
9416,1850@me.com,1850,20
9417,1851@me.com,1851,21
9418,1852@me.com,1852,3
9419,1853@me.com,1853,1
2094,1854@me.com,1854,8
9421,1855@me.com,1855,5
9422,1856@me.com,1856,11
9423,1857@me.com,1857,12
9424,1858@me.com,1858,13
9426,1860@me.com,1860,22
9427,1861@me.com,1861,23
9428,1862@me.com,1862,26
9429,1863@me.com,1863,28
9430,1864@me.com,1864,30
9431,1865@me.com,1865,36
9432,1866@me.com,1866,9
9433,1867@me.com,1867,13
9434,1868@me.com,1868,14
9436,1870@me.com,1870,16
1082,1872@me.com,1872,142
9438,1873@me.com,1873,1
9439,1874@me.com,1874,6
9440,1875@me.com,1875,8
9441,1876@me.com,1876,10
9443,1878@me.com,1878,20
9444,1879@me.com,1879,21
9446,1881@me.com,1881,26
9448,1883@me.com,1883,29
9449,1884@me.com,1884,30
9450,1885@me.com,1885,41
9451,1886@me.com,1886,48
9452,1887@me.com,1887,49
9453,1888@me.com,1888,47
9454,1889@me.com,1889,52
9455,1890@me.com,1890,56
9456,1891@me.com,1891,7
9457,1892@me.com,1892,53
9458,1893@me.com,1893,68
9351,1894@me.com,1894,5
9461,1896@me.com,1896,4
9462,1897@me.com,1897,11
9463,1898@me.com,1898,14
9464,1899@me.com,1899,16
9465,1900@me.com,1900,20
9466,1901@me.com,1901,17
9467,1902@me.com,1902,21
9468,1903@me.com,1903,24
9470,1905@me.com,1905,10
9471,1906@me.com,1906,5
9472,1907@me.com,1907,17
9473,1908@me.com,1908,28
9474,1909@me.com,1909,32
9475,1910@me.com,1910,45
9476,1911@me.com,1911,42
9477,1912@me.com,1912,44
9478,1913@me.com,1913,49
9479,1914@me.com,1914,47
9480,1915@me.com,1915,52
9481,1916@me.com,1916,51
9482,1917@me.com,1917,57
9483,1918@me.com,1918,69
9484,1919@me.com,1919,70
9486,1921@me.com,1921,4
9487,1922@me.com,1922,9
9488,1923@me.com,1923,14
9489,1924@me.com,1924,17
9490,1925@me.com,1925,24
9492,1926@me.com,1926,25
9493,1927@me.com,1927,28
9494,1928@me.com,1928,34
9495,1929@me.com,1929,33
9496,1930@me.com,1930,37
9497,1931@me.com,1931,2
9498,1932@me.com,1932,3
9500,1934@me.com,1934,19
9501,1935@me.com,1935,20
9502,1936@me.com,1936,23
9503,1937@me.com,1937,21
9504,1938@me.com,1938,26
9505,1939@me.com,1939,28
9506,1940@me.com,1940,30
9507,1941@me.com,1941,31
9508,1942@me.com,1942,32
9509,1943@me.com,1943,4
9510,1944@me.com,1944,5
9511,1945@me.com,1945,6
9512,1946@me.com,1946,7
9513,1947@me.com,1947,15
9514,1948@me.com,1948,13
9516,1950@me.com,1950,19
9517,1951@me.com,1951,23
9519,1953@me.com,1953,32
9520,1954@me.com,1954,36
9521,1955@me.com,1955,37
9522,1956@me.com,1956,44
9523,1957@me.com,1957,36
9524,1958@me.com,1958,43
9525,1959@me.com,1959,53
9526,1960@me.com,1960,52
9527,1961@me.com,1961,58
9528,1962@me.com,1962,62
9529,1963@me.com,1963,61
9530,1964@me.com,1964,64
9531,1965@me.com,1965,51
9532,1966@me.com,1966,1
9533,1967@me.com,1967,7
9534,1968@me.com,1968,9
9535,1969@me.com,1969,11
9536,1970@me.com,1970,14
9537,1971@me.com,1971,19
9538,1972@me.com,1972,18
9540,1974@me.com,1974,5
9541,1975@me.com,1975,8
9542,1976@me.com,1976,15
9543,1977@me.com,1977,12
9544,1978@me.com,1978,23
9545,1979@me.com,1979,25
9546,1980@me.com,1980,36
9547,1981@me.com,1981,34
9548,1982@me.com,1982,4
9549,1983@me.com,1983,7
9550,1984@me.com,1984,8
9551,1985@me.com,1985,9
9552,1986@me.com,1986,10
9553,1987@me.com,1987,15
9555,1989@me.com,1989,18
9556,1990@me.com,1990,20
9557,1991@me.com,1991,25
9558,1992@me.com,1992,23
9559,1993@me.com,1993,1
9560,1994@me.com,1994,2
9561,1995@me.com,1995,3
9562,1996@me.com,1996,7
9563,1997@me.com,1997,10
9564,1998@me.com,1998,11
9566,2000@me.com,2000,8
9567,2001@me.com,2001,22
9568,2002@me.com,2002,22
9569,2003@me.com,2003,25
9570,2004@me.com,2004,25
9571,2005@me.com,2005,17
9573,2007@me.com,2007,32
9574,2008@me.com,2008,38
9575,2009@me.com,2009,43
9576,2010@me.com,2010,53
9577,2011@me.com,2011,61
9578,2012@me.com,2012,70
9579,2013@me.com,2013,73
9580,2014@me.com,2014,76
9581,2015@me.com,2015,79
9582,2016@me.com,2016,87
9583,2017@me.com,2017,90
9584,2018@me.com,2018,94
9585,2019@me.com,2019,93
9586,2020@me.com,2020,95
9587,2021@me.com,2021,102
9588,2022@me.com,2022,99
9590,2024@me.com,2024,105
9591,2025@me.com,2025,104
9593,2027@me.com,2027,118
9594,2028@me.com,2028,121
9595,2029@me.com,2029,131
9596,2030@me.com,2030,128
9597,2031@me.com,2031,33
9598,2032@me.com,2032,133
9599,2033@me.com,2033,134
9600,2034@me.com,2034,135
9601,2035@me.com,2035,138
9602,2036@me.com,2036,139
9603,2037@me.com,2037,141
9604,2038@me.com,2038,143
9607,2041@me.com,2041,147
9608,2042@me.com,2042,148
9609,2043@me.com,2043,149
9610,2044@me.com,2044,150
9611,2045@me.com,2045,151
9612,2046@me.com,2046,156
9613,2047@me.com,2047,162
9614,2048@me.com,2048,163
9615,2049@me.com,2049,162
9616,2050@me.com,2050,164
9617,2051@me.com,2051,154
9618,2052@me.com,2052,153
9619,2053@me.com,2053,149
9620,2054@me.com,2054,158
9621,2055@me.com,2055,158
9622,2056@me.com,2056,71
9623,2057@me.com,2057,71
9624,2058@me.com,2058,2
9625,2059@me.com,2059,9
9626,2060@me.com,2060,16
9627,2061@me.com,2061,22
9628,2062@me.com,2062,19
9629,2063@me.com,2063,28
9630,2064@me.com,2064,31
9631,2065@me.com,2065,38
9632,2066@me.com,2066,50
9633,2067@me.com,2067,49
9634,2068@me.com,2068,53
9635,2069@me.com,2069,59
9636,2070@me.com,2070,61
9637,2071@me.com,2071,70
9638,2072@me.com,2072,74
9639,2073@me.com,2073,73
9640,2074@me.com,2074,88
9641,2075@me.com,2075,89
9642,2076@me.com,2076,92
9143,2077@me.com,2077,93
9643,2078@me.com,2078,101
9644,2079@me.com,2079,107
9645,2080@me.com,2080,112
9646,2081@me.com,2081,114
9647,2082@me.com,2082,124
9649,2084@me.com,2084,134
9650,2085@me.com,2085,138
9651,2086@me.com,2086,140
9652,2087@me.com,2087,17
9653,2088@me.com,2088,3
9654,2089@me.com,2089,60
9656,2091@me.com,2091,70
9657,2092@me.com,2092,66
9658,2093@me.com,2093,9
9659,2094@me.com,2094,95
9660,2095@me.com,2095,30
9661,2096@me.com,2096,30
9663,2098@me.com,2098,52
9664,2099@me.com,2099,99
9665,2100@me.com,2100,29
9666,2101@me.com,2101,25
9667,2102@me.com,2102,57
9668,2103@me.com,2103,29
9669,2104@me.com,2104,29
9673,2105@me.com,2105,18
9672,2106@me.com,2106,22
9670,2107@me.com,2107,7
9671,2108@me.com,2108,16
9679,2109@me.com,2109,16
9678,2110@me.com,2110,12
9680,2111@me.com,2111,12
9677,2112@me.com,2112,15
9681,2113@me.com,2113,15
9676,2114@me.com,2114,1
9682,2115@me.com,2115,1
9674,2116@me.com,2116,13
9675,2117@me.com,2117,13
9683,2118@me.com,2118,21
9684,2119@me.com,2119,5
9685,2120@me.com,2120,72
9686,2121@me.com,2121,72
9687,2122@me.com,2122,29
9688,2123@me.com,2123,24
9689,2124@me.com,2124,24
9690,2125@me.com,2125,30
9691,2126@me.com,2126,28
9692,2127@me.com,2127,24
9693,2128@me.com,2128,24
9694,2129@me.com,2129,7
9695,2130@me.com,2130,15
9697,2132@me.com,2132,64
9698,2133@me.com,2133,69
9699,2134@me.com,2134,69
9700,2135@me.com,2135,152
9704,2139@me.com,2139,41
9705,2140@me.com,2140,20
9706,2141@me.com,2141,20
9707,2142@me.com,2142,145
1877,2144@me.com,2144,121
1878,2145@me.com,2145,43
1880,2147@me.com,2147,23
1881,2148@me.com,2148,19
1882,2149@me.com,2149,49
1883,2150@me.com,2150,23
1884,2151@me.com,2151,28
1885,2152@me.com,2152,25
1886,2153@me.com,2153,8
1887,2154@me.com,2154,41
1888,2155@me.com,2155,6
1889,2156@me.com,2156,16
1890,2157@me.com,2157,5
1891,2158@me.com,2158,99
1892,2159@me.com,2159,14
1893,2160@me.com,2160,47
1894,2161@me.com,2161,12
1895,2162@me.com,2162,177
1896,2163@me.com,2163,76
1897,2164@me.com,2164,178
1898,2165@me.com,2165,2
1899,2166@me.com,2166,78
1900,2167@me.com,2167,26
1901,2168@me.com,2168,56
1902,2169@me.com,2169,30
1903,2170@me.com,2170,54
1904,2171@me.com,2171,32
1906,2173@me.com,2173,103
1907,2174@me.com,2174,56
1908,2175@me.com,2175,96
1909,2176@me.com,2176,49
1910,2177@me.com,2177,29
1911,2178@me.com,2178,13
1912,2179@me.com,2179,87
1913,2180@me.com,2180,12
1914,2181@me.com,2181,164
1916,2183@me.com,2183,25
1917,2184@me.com,2184,21
1918,2185@me.com,2185,9
1919,2186@me.com,2186,28
1920,2187@me.com,2187,40
1921,2188@me.com,2188,164
1922,2189@me.com,2189,155
1923,2190@me.com,2190,52
1924,2191@me.com,2191,60
1925,2192@me.com,2192,8
1926,2193@me.com,2193,64
1927,2194@me.com,2194,90
1928,2195@me.com,2195,33
1929,2196@me.com,2196,9
1931,2198@me.com,2198,12
1933,2200@me.com,2200,71
1934,2201@me.com,2201,153
1935,2202@me.com,2202,50
1936,2203@me.com,2203,4
1938,2205@me.com,2205,71
1939,2206@me.com,2206,11
1940,2207@me.com,2207,51
1941,2208@me.com,2208,79
1942,2209@me.com,2209,26
1943,2210@me.com,2210,57
1944,2211@me.com,2211,6
1945,2212@me.com,2212,7
1946,2213@me.com,2213,24
1947,2214@me.com,2214,3
1948,2215@me.com,2215,28
1949,2216@me.com,2216,22
1951,2218@me.com,2218,6
1952,2219@me.com,2219,9
1953,2220@me.com,2220,136
1954,2221@me.com,2221,6
1955,2222@me.com,2222,20
1956,2223@me.com,2223,9
1957,2224@me.com,2224,94
1958,2225@me.com,2225,100
1959,2226@me.com,2226,2
1960,2227@me.com,2227,128
1961,2228@me.com,2228,41
1963,2230@me.com,2230,17
1964,2231@me.com,2231,52
1965,2232@me.com,2232,2
1966,2233@me.com,2233,19
1967,2234@me.com,2234,25
1968,2235@me.com,2235,39
1969,2236@me.com,2236,57
1970,2237@me.com,2237,8
1971,2238@me.com,2238,73
1972,2239@me.com,2239,62
1973,2240@me.com,2240,7
1974,2241@me.com,2241,7
1975,2242@me.com,2242,27
1976,2243@me.com,2243,159
1977,2244@me.com,2244,31
1979,2246@me.com,2246,70
1980,2247@me.com,2247,6
1981,2248@me.com,2248,21
1982,2249@me.com,2249,4
1983,2250@me.com,2250,10
1984,2251@me.com,2251,88
1985,2252@me.com,2252,4
1987,2254@me.com,2254,74
1988,2255@me.com,2255,51
1989,2256@me.com,2256,10
1990,2257@me.com,2257,51
1991,2258@me.com,2258,158
1992,2259@me.com,2259,71
1993,2260@me.com,2260,14
1994,2261@me.com,2261,57
1995,2262@me.com,2262,72
1996,2263@me.com,2263,29
1997,2264@me.com,2264,28
1998,2265@me.com,2265,15
1999,2266@me.com,2266,69
2000,2267@me.com,2267,26
2001,2268@me.com,2268,16
2007,2271@me.com,2271,19
2005,2272@me.com,2272,9
2003,2273@me.com,2273,153
2008,2274@me.com,2274,7
2010,2276@me.com,2276,87
2012,2277@me.com,2277,99
2013,2278@me.com,2278,158
2014,2279@me.com,2279,73
2015,2280@me.com,2280,74
2011,2281@me.com,2281,94
2016,2282@me.com,2282,9
2017,2283@me.com,2283,14
2018,2284@me.com,2284,21
2019,2285@me.com,2285,3
2020,2286@me.com,2286,28
2022,2288@me.com,2288,62
2023,2289@me.com,2289,8
2024,2290@me.com,2290,9
2025,2291@me.com,2291,41
2026,2292@me.com,2292,23
2027,2293@me.com,2293,52
2028,2294@me.com,2294,71
2029,2295@me.com,2295,72
2030,2296@me.com,2296,4
2031,2297@me.com,2297,52
2004,2298@me.com,2298,17
2032,2299@me.com,2299,69
2033,2300@me.com,2300,164
2034,2301@me.com,2301,60
2035,2302@me.com,2302,70
9708,2303@me.com,2303,60
2036,2304@me.com,2304,56
2037,2305@me.com,2305,16
2038,2306@me.com,2306,47
2039,2307@me.com,2307,47
9709,2308@me.com,2308,24
2040,2309@me.com,2309,23
9710,2310@me.com,2310,20
9711,2311@me.com,2311,20
9712,2312@me.com,2312,111
9713,2313@me.com,2313,111
9714,2314@me.com,2314,157
2041,2315@me.com,2315,23
2042,2316@me.com,2316,23
9717,2317@me.com,2317,67
9718,2318@me.com,2318,51
2043,2321@me.com,2321,144
9719,2322@me.com,2322,144
2046,2323@me.com,2323,41
2048,2324@me.com,2324,22
2044,2325@me.com,2325,23
2045,2326@me.com,2326,18
2049,2327@me.com,2327,25
2047,2328@me.com,2328,41
9721,2329@me.com,2329,16
9722,2330@me.com,2330,16
2050,2331@me.com,2331,41
2051,2332@me.com,2332,41
2054,2333@me.com,2333,61
2052,2334@me.com,2334,43
2053,2335@me.com,2335,43
9723,2336@me.com,2336,34
9724,2337@me.com,2337,101
9725,2338@me.com,2338,101
2055,2339@me.com,2339,171
2056,2340@me.com,2340,72
2057,2341@me.com,2341,12
9726,2342@me.com,2342,84
9727,2343@me.com,2343,80
2058,2344@me.com,2344,19
2059,2345@me.com,2345,19
2060,2346@me.com,2346,63
2061,2347@me.com,2347,5
9728,2348@me.com,2348,135
2062,2349@me.com,2349,4
2063,2350@me.com,2350,160
2064,2351@me.com,2351,26
9729,2352@me.com,2352,8
9732,2355@me.com,2355,43
9733,2358@me.com,2358,12
9734,2359@me.com,2359,12
9735,2360@me.com,2360,7
2067,2361@me.com,2361,118
2068,2362@me.com,2362,118
9736,2363@me.com,2363,40
9737,2364@me.com,2364,34
2069,2365@me.com,2365,36
2070,2366@me.com,2366,43
9739,2367@me.com,2367,2
9738,2368@me.com,2368,29
2077,2369@me.com,2369,4
2075,2370@me.com,2370,38
2074,2371@me.com,2371,12
2072,2372@me.com,2372,11
2076,2373@me.com,2373,25
2073,2374@me.com,2374,5
2071,2375@me.com,2375,24
9191,2376@me.com,2376,16
2078,2377@me.com,2377,8
9740,2378@me.com,2378,37
9741,2379@me.com,2379,37
9742,2380@me.com,2380,94
2079,2381@me.com,2381,62
2080,2382@me.com,2382,62
2081,2383@me.com,2383,30
9743,2384@me.com,2384,14
2082,2385@me.com,2385,37
2083,2386@me.com,2386,4
2089,2387@me.com,2387,7
2087,2388@me.com,2388,8
2090,2389@me.com,2389,14
2084,2390@me.com,2390,18
2086,2391@me.com,2391,19
2088,2392@me.com,2392,34
2085,2393@me.com,2393,40
9744,2394@me.com,2394,21
2095,2395@me.com,2395,36
2096,2396@me.com,2396,9
2091,2397@me.com,2397,27
2092,2398@me.com,2398,58
2093,2399@me.com,2399,14
9746,2401@me.com,2401,58
2100,2404@me.com,2404,22
2101,2405@me.com,2405,61
2097,2406@me.com,2406,15
9748,2407@me.com,2407,19
2104,2409@me.com,2409,68
2105,2410@me.com,2410,36
2106,2411@me.com,2411,76
2107,2412@me.com,2412,84
2103,2413@me.com,2413,31
9749,2414@me.com,2414,165
9750,2415@me.com,2415,165
9751,2416@me.com,2416,1
9752,2417@me.com,2417,2
2110,2418@me.com,2418,31
2111,2419@me.com,2419,31
9753,2420@me.com,2420,169
2108,2421@me.com,2421,60
9754,2422@me.com,2422,39
2112,2423@me.com,2423,75
2113,2424@me.com,2424,72
9755,2425@me.com,2425,31
2114,2426@me.com,2426,117
9756,2427@me.com,2427,30
2116,2429@me.com,2429,14
9757,2430@me.com,2430,2
9758,2431@me.com,2431,16
9759,2432@me.com,2432,16
2117,2433@me.com,2433,167
9760,2434@me.com,2434,63
2118,2435@me.com,2435,24
9761,2436@me.com,2436,22
2119,2437@me.com,2437,56
9762,2438@me.com,2438,10
9763,2439@me.com,2439,157
9764,2440@me.com,2440,157
2122,2441@me.com,2441,12
2123,2442@me.com,2442,36
2126,2443@me.com,2443,31
2120,2444@me.com,2444,59
2121,2445@me.com,2445,25
2124,2446@me.com,2446,29
2125,2447@me.com,2447,22
2130,2448@me.com,2448,67
9765,2450@me.com,2450,50
2129,2451@me.com,2451,44
2128,2452@me.com,2452,106
9766,2453@me.com,2453,11
2131,2454@me.com,2454,40
9768,2455@me.com,2455,51
9767,2456@me.com,2456,29
9769,2457@me.com,2457,123
9770,2458@me.com,2458,123
9771,2459@me.com,2459,5
2133,2460@me.com,2460,15
2134,2461@me.com,2461,20
9772,2462@me.com,2462,20
2135,2463@me.com,2463,171
2136,2464@me.com,2464,13
2138,2466@me.com,2466,65
2139,2467@me.com,2467,21
2140,2468@me.com,2468,37
2144,2469@me.com,2469,18
2145,2470@me.com,2470,25
9773,2471@me.com,2471,25
2142,2472@me.com,2472,61
2146,2473@me.com,2473,51
2143,2474@me.com,2474,108
2141,2475@me.com,2475,64
2147,2476@me.com,2476,10
2148,2477@me.com,2477,8
9774,2479@me.com,2479,61
2132,2480@me.com,2480,30
2149,2482@me.com,2482,9
2152,2483@me.com,2483,5
2151,2484@me.com,2484,18
2153,2485@me.com,2485,21
2154,2486@me.com,2486,33
9775,2487@me.com,2487,81
9776,2488@me.com,2488,32
9777,2489@me.com,2489,146
9778,2490@me.com,2490,146
9779,2491@me.com,2491,11
9780,2492@me.com,2492,11
9781,2493@me.com,2493,60
2155,2494@me.com,2494,3
9782,2495@me.com,2495,146
2156,2496@me.com,2496,31
2161,2497@me.com,2497,69
2159,2498@me.com,2498,2
2160,2499@me.com,2499,9
2157,2500@me.com,2500,11
2158,2501@me.com,2501,40
2162,2502@me.com,2502,24
9783,2503@me.com,2503,102
2163,2504@me.com,2504,36
2165,2505@me.com,2505,18
2166,2506@me.com,2506,63
2168,2507@me.com,2507,112
2167,2508@me.com,2508,11
2170,2509@me.com,2509,19
9784,2510@me.com,2510,19
2169,2511@me.com,2511,14
9785,2512@me.com,2512,127
